<?xml version="1.0" encoding="UTF-8"?>
<mxfile host="app.diagrams.net" modified="2023-06-02T13:24:36.516Z" agent="Mozilla/5.0 (Macintosh; Intel Mac OS X 10_15_7) AppleWebKit/537.36 (KHTML, like Gecko) Chrome/113.0.0.0 Safari/537.36" etag="uPo2l0uCLzRgjJBXTYPU" version="21.2.9">
  <diagram name="Page-1" id="hAYbas8VQYhL70THEBTF">
    <mxGraphModel dx="586" dy="345" grid="0" gridSize="10" guides="1" tooltips="1" connect="1" arrows="1" fold="1" page="1" pageScale="1" pageWidth="850" pageHeight="1100" math="0" shadow="0">
      <root>
        <mxCell id="0" />
        <mxCell id="1" parent="0" />
        <mxCell id="b94HZelUpRPoaxA_aSND-3" value="" style="sketch=0;outlineConnect=0;fontColor=#232F3E;gradientColor=none;fillColor=#232F3D;strokeColor=none;dashed=0;verticalLabelPosition=bottom;verticalAlign=top;align=center;html=1;fontSize=12;fontStyle=0;aspect=fixed;pointerEvents=1;shape=mxgraph.aws4.users;" vertex="1" parent="1">
          <mxGeometry x="488.5" y="256.5" width="43" height="43" as="geometry" />
        </mxCell>
        <mxCell id="b94HZelUpRPoaxA_aSND-4" value="Users" style="text;html=1;strokeColor=none;fillColor=none;align=center;verticalAlign=middle;whiteSpace=wrap;rounded=0;" vertex="1" parent="1">
          <mxGeometry x="485" y="317" width="60" height="30" as="geometry" />
        </mxCell>
        <mxCell id="b94HZelUpRPoaxA_aSND-6" value="" style="endArrow=classic;startArrow=classic;html=1;rounded=0;" edge="1" parent="1">
          <mxGeometry width="50" height="50" relative="1" as="geometry">
            <mxPoint x="402" y="273" as="sourcePoint" />
            <mxPoint x="472" y="273" as="targetPoint" />
          </mxGeometry>
        </mxCell>
        <mxCell id="b94HZelUpRPoaxA_aSND-7" value="" style="outlineConnect=0;dashed=0;verticalLabelPosition=bottom;verticalAlign=top;align=center;html=1;shape=mxgraph.aws3.users;fillColor=#f8cecc;strokeColor=#b85450;" vertex="1" parent="1">
          <mxGeometry x="155" y="141" width="38" height="38" as="geometry" />
        </mxCell>
        <mxCell id="b94HZelUpRPoaxA_aSND-8" value="&lt;font style=&quot;font-size: 8px;&quot;&gt;Attacker&lt;/font&gt;" style="text;html=1;strokeColor=none;fillColor=none;align=center;verticalAlign=middle;whiteSpace=wrap;rounded=0;" vertex="1" parent="1">
          <mxGeometry x="144" y="168" width="60" height="30" as="geometry" />
        </mxCell>
        <mxCell id="b94HZelUpRPoaxA_aSND-113" value="&lt;font style=&quot;font-size: 8px;&quot;&gt;SCM&lt;br&gt;&lt;/font&gt;" style="text;html=1;strokeColor=none;fillColor=none;align=center;verticalAlign=middle;whiteSpace=wrap;rounded=0;" vertex="1" parent="1">
          <mxGeometry x="318.5" y="283.82" width="60" height="30" as="geometry" />
        </mxCell>
        <mxCell id="b94HZelUpRPoaxA_aSND-119" value="" style="endArrow=classic;startArrow=classic;html=1;rounded=0;fillColor=#f8cecc;strokeColor=#b85450;" edge="1" parent="1">
          <mxGeometry width="50" height="50" relative="1" as="geometry">
            <mxPoint x="173.68" y="243" as="sourcePoint" />
            <mxPoint x="173.68" y="199" as="targetPoint" />
          </mxGeometry>
        </mxCell>
        <mxCell id="b94HZelUpRPoaxA_aSND-120" value="" style="html=1;rounded=0;" vertex="1" parent="1">
          <mxGeometry x="159" y="253.82" width="30" height="30" as="geometry" />
        </mxCell>
        <mxCell id="b94HZelUpRPoaxA_aSND-121" value="" style="endArrow=none;html=1;rounded=0;align=center;verticalAlign=top;endFill=0;labelBackgroundColor=none;endSize=2;" edge="1" source="b94HZelUpRPoaxA_aSND-120" target="b94HZelUpRPoaxA_aSND-122" parent="1">
          <mxGeometry relative="1" as="geometry" />
        </mxCell>
        <mxCell id="b94HZelUpRPoaxA_aSND-122" value="" style="ellipse;html=1;fontSize=11;align=center;fillColor=none;points=[];aspect=fixed;resizable=0;verticalAlign=bottom;labelPosition=center;verticalLabelPosition=top;flipH=1;" vertex="1" parent="1">
          <mxGeometry x="310.5" y="264.82" width="8" height="8" as="geometry" />
        </mxCell>
        <mxCell id="b94HZelUpRPoaxA_aSND-124" value="&lt;font style=&quot;font-size: 8px;&quot;&gt;Private Repo&lt;/font&gt;" style="text;html=1;strokeColor=none;fillColor=none;align=center;verticalAlign=middle;whiteSpace=wrap;rounded=0;fontColor=#FF0000;" vertex="1" parent="1">
          <mxGeometry x="148" y="283.82" width="60" height="30" as="geometry" />
        </mxCell>
        <mxCell id="b94HZelUpRPoaxA_aSND-125" value="" style="shape=cylinder3;whiteSpace=wrap;html=1;boundedLbl=1;backgroundOutline=1;size=15;" vertex="1" parent="1">
          <mxGeometry x="330" y="223.82" width="37" height="60" as="geometry" />
        </mxCell>
      </root>
    </mxGraphModel>
  </diagram>
</mxfile>
