<?xml version="1.0" encoding="UTF-8"?>
<mxfile host="app.diagrams.net" modified="2023-06-02T13:22:04.950Z" agent="Mozilla/5.0 (Macintosh; Intel Mac OS X 10_15_7) AppleWebKit/537.36 (KHTML, like Gecko) Chrome/113.0.0.0 Safari/537.36" etag="J-wsIxnLS4vmrfJYTwm2" version="21.2.9">
  <diagram name="Page-1" id="hAYbas8VQYhL70THEBTF">
    <mxGraphModel dx="586" dy="345" grid="0" gridSize="10" guides="1" tooltips="1" connect="1" arrows="1" fold="1" page="1" pageScale="1" pageWidth="850" pageHeight="1100" math="0" shadow="0">
      <root>
        <mxCell id="0" />
        <mxCell id="1" parent="0" />
        <mxCell id="b94HZelUpRPoaxA_aSND-3" value="" style="sketch=0;outlineConnect=0;fontColor=#232F3E;gradientColor=none;fillColor=#232F3D;strokeColor=none;dashed=0;verticalLabelPosition=bottom;verticalAlign=top;align=center;html=1;fontSize=12;fontStyle=0;aspect=fixed;pointerEvents=1;shape=mxgraph.aws4.users;" vertex="1" parent="1">
          <mxGeometry x="488.5" y="256.5" width="43" height="43" as="geometry" />
        </mxCell>
        <mxCell id="b94HZelUpRPoaxA_aSND-4" value="Users" style="text;html=1;strokeColor=none;fillColor=none;align=center;verticalAlign=middle;whiteSpace=wrap;rounded=0;" vertex="1" parent="1">
          <mxGeometry x="485" y="317" width="60" height="30" as="geometry" />
        </mxCell>
        <mxCell id="b94HZelUpRPoaxA_aSND-6" value="" style="endArrow=classic;startArrow=classic;html=1;rounded=0;" edge="1" parent="1">
          <mxGeometry width="50" height="50" relative="1" as="geometry">
            <mxPoint x="402" y="273" as="sourcePoint" />
            <mxPoint x="472" y="273" as="targetPoint" />
          </mxGeometry>
        </mxCell>
        <mxCell id="b94HZelUpRPoaxA_aSND-7" value="" style="outlineConnect=0;dashed=0;verticalLabelPosition=bottom;verticalAlign=top;align=center;html=1;shape=mxgraph.aws3.users;fillColor=#f8cecc;strokeColor=#b85450;" vertex="1" parent="1">
          <mxGeometry x="245" y="141" width="38" height="37" as="geometry" />
        </mxCell>
        <mxCell id="b94HZelUpRPoaxA_aSND-8" value="&lt;font style=&quot;font-size: 8px;&quot;&gt;Attacker&lt;/font&gt;" style="text;html=1;strokeColor=none;fillColor=none;align=center;verticalAlign=middle;whiteSpace=wrap;rounded=0;" vertex="1" parent="1">
          <mxGeometry x="234" y="168" width="60" height="30" as="geometry" />
        </mxCell>
        <mxCell id="b94HZelUpRPoaxA_aSND-112" value="" style="shape=process;whiteSpace=wrap;html=1;backgroundOutline=1;" vertex="1" parent="1">
          <mxGeometry x="317" y="259.82" width="63" height="24" as="geometry" />
        </mxCell>
        <mxCell id="b94HZelUpRPoaxA_aSND-113" value="&lt;font style=&quot;font-size: 8px;&quot;&gt;CI/CD&lt;br&gt;&lt;/font&gt;" style="text;html=1;strokeColor=none;fillColor=none;align=center;verticalAlign=middle;whiteSpace=wrap;rounded=0;" vertex="1" parent="1">
          <mxGeometry x="318.5" y="283.82" width="60" height="30" as="geometry" />
        </mxCell>
        <mxCell id="b94HZelUpRPoaxA_aSND-114" value="" style="image;points=[];aspect=fixed;html=1;align=center;shadow=0;dashed=0;image=img/lib/allied_telesis/storage/Datacenter_Server_Half_Rack_ToR.svg;" vertex="1" parent="1">
          <mxGeometry x="190.4" y="254.15000000000003" width="27.2" height="35.34" as="geometry" />
        </mxCell>
        <mxCell id="b94HZelUpRPoaxA_aSND-115" value="&lt;font style=&quot;font-size: 8px;&quot;&gt;VMs&lt;br&gt;&lt;/font&gt;" style="text;html=1;strokeColor=none;fillColor=none;align=center;verticalAlign=middle;whiteSpace=wrap;rounded=0;" vertex="1" parent="1">
          <mxGeometry x="174" y="283.82" width="60" height="30" as="geometry" />
        </mxCell>
        <mxCell id="b94HZelUpRPoaxA_aSND-116" value="&lt;font style=&quot;font-size: 8px;&quot;&gt;Pipeline Logs&lt;/font&gt;" style="text;html=1;strokeColor=none;fillColor=none;align=center;verticalAlign=middle;whiteSpace=wrap;rounded=0;fontColor=#FF0000;" vertex="1" parent="1">
          <mxGeometry x="234" y="234" width="60" height="30" as="geometry" />
        </mxCell>
        <mxCell id="b94HZelUpRPoaxA_aSND-118" value="" style="endArrow=classic;startArrow=classic;html=1;rounded=0;fillColor=#f8cecc;strokeColor=#b85450;" edge="1" parent="1">
          <mxGeometry width="50" height="50" relative="1" as="geometry">
            <mxPoint x="233" y="268" as="sourcePoint" />
            <mxPoint x="296" y="268" as="targetPoint" />
          </mxGeometry>
        </mxCell>
        <mxCell id="b94HZelUpRPoaxA_aSND-119" value="" style="endArrow=classic;startArrow=classic;html=1;rounded=0;fillColor=#f8cecc;strokeColor=#b85450;" edge="1" parent="1">
          <mxGeometry width="50" height="50" relative="1" as="geometry">
            <mxPoint x="263.68" y="243" as="sourcePoint" />
            <mxPoint x="263.68" y="199" as="targetPoint" />
          </mxGeometry>
        </mxCell>
      </root>
    </mxGraphModel>
  </diagram>
</mxfile>
