<?xml version="1.0" encoding="UTF-8"?>
<mxfile host="app.diagrams.net" modified="2023-06-02T13:11:55.984Z" agent="Mozilla/5.0 (Macintosh; Intel Mac OS X 10_15_7) AppleWebKit/537.36 (KHTML, like Gecko) Chrome/113.0.0.0 Safari/537.36" etag="CmHBmXLAuYae53rKsqPB" version="21.2.9">
  <diagram name="Page-1" id="hAYbas8VQYhL70THEBTF">
    <mxGraphModel dx="586" dy="345" grid="0" gridSize="10" guides="1" tooltips="1" connect="1" arrows="1" fold="1" page="1" pageScale="1" pageWidth="850" pageHeight="1100" math="0" shadow="0">
      <root>
        <mxCell id="0" />
        <mxCell id="1" parent="0" />
        <mxCell id="b94HZelUpRPoaxA_aSND-3" value="" style="sketch=0;outlineConnect=0;fontColor=#232F3E;gradientColor=none;fillColor=#232F3D;strokeColor=none;dashed=0;verticalLabelPosition=bottom;verticalAlign=top;align=center;html=1;fontSize=12;fontStyle=0;aspect=fixed;pointerEvents=1;shape=mxgraph.aws4.users;" vertex="1" parent="1">
          <mxGeometry x="488.5" y="256.5" width="43" height="43" as="geometry" />
        </mxCell>
        <mxCell id="b94HZelUpRPoaxA_aSND-4" value="Users" style="text;html=1;strokeColor=none;fillColor=none;align=center;verticalAlign=middle;whiteSpace=wrap;rounded=0;" vertex="1" parent="1">
          <mxGeometry x="485" y="317" width="60" height="30" as="geometry" />
        </mxCell>
        <mxCell id="b94HZelUpRPoaxA_aSND-6" value="" style="endArrow=classic;startArrow=classic;html=1;rounded=0;" edge="1" parent="1">
          <mxGeometry width="50" height="50" relative="1" as="geometry">
            <mxPoint x="402" y="273" as="sourcePoint" />
            <mxPoint x="472" y="273" as="targetPoint" />
          </mxGeometry>
        </mxCell>
        <mxCell id="b94HZelUpRPoaxA_aSND-7" value="" style="outlineConnect=0;dashed=0;verticalLabelPosition=bottom;verticalAlign=top;align=center;html=1;shape=mxgraph.aws3.users;fillColor=#f8cecc;strokeColor=#b85450;" vertex="1" parent="1">
          <mxGeometry x="252.5" y="155" width="38" height="37" as="geometry" />
        </mxCell>
        <mxCell id="b94HZelUpRPoaxA_aSND-8" value="&lt;font style=&quot;font-size: 8px;&quot;&gt;Attacker&lt;/font&gt;" style="text;html=1;strokeColor=none;fillColor=none;align=center;verticalAlign=middle;whiteSpace=wrap;rounded=0;" vertex="1" parent="1">
          <mxGeometry x="241.5" y="182" width="60" height="30" as="geometry" />
        </mxCell>
        <mxCell id="b94HZelUpRPoaxA_aSND-40" value="" style="endArrow=classic;startArrow=classic;html=1;rounded=0;fillColor=#f8cecc;strokeColor=#b85450;" edge="1" parent="1">
          <mxGeometry width="50" height="50" relative="1" as="geometry">
            <mxPoint x="271.18" y="254" as="sourcePoint" />
            <mxPoint x="271.18" y="218" as="targetPoint" />
          </mxGeometry>
        </mxCell>
        <mxCell id="b94HZelUpRPoaxA_aSND-89" value="" style="endArrow=classic;startArrow=classic;html=1;rounded=0;fillColor=#f5f5f5;strokeColor=#030303;" edge="1" parent="1">
          <mxGeometry width="50" height="50" relative="1" as="geometry">
            <mxPoint x="249" y="277.68" as="sourcePoint" />
            <mxPoint x="295" y="277.68" as="targetPoint" />
          </mxGeometry>
        </mxCell>
        <mxCell id="b94HZelUpRPoaxA_aSND-91" value="" style="shape=process;whiteSpace=wrap;html=1;backgroundOutline=1;fillColor=#f5f5f5;strokeColor=#666666;fontColor=#333333;" vertex="1" parent="1">
          <mxGeometry x="312" y="261" width="74" height="34" as="geometry" />
        </mxCell>
        <mxCell id="b94HZelUpRPoaxA_aSND-92" value="&lt;font style=&quot;font-size: 8px;&quot;&gt;CI/CD&lt;/font&gt;" style="text;html=1;strokeColor=none;fillColor=none;align=center;verticalAlign=middle;whiteSpace=wrap;rounded=0;" vertex="1" parent="1">
          <mxGeometry x="319" y="299.5" width="60" height="30" as="geometry" />
        </mxCell>
        <mxCell id="b94HZelUpRPoaxA_aSND-94" value="&lt;span style=&quot;font-size: 8px;&quot;&gt;VMs&lt;/span&gt;" style="text;html=1;strokeColor=none;fillColor=none;align=center;verticalAlign=middle;whiteSpace=wrap;rounded=0;" vertex="1" parent="1">
          <mxGeometry x="186" y="305" width="60" height="30" as="geometry" />
        </mxCell>
        <mxCell id="b94HZelUpRPoaxA_aSND-95" value="" style="image;points=[];aspect=fixed;html=1;align=center;shadow=0;dashed=0;image=img/lib/allied_telesis/storage/Datacenter_Server_Half_Rack_ToR.svg;" vertex="1" parent="1">
          <mxGeometry x="196.9" y="255.37000000000003" width="38.2" height="49.63" as="geometry" />
        </mxCell>
        <mxCell id="b94HZelUpRPoaxA_aSND-97" value="" style="fontColor=#0066CC;verticalAlign=top;verticalLabelPosition=bottom;labelPosition=center;align=center;html=1;outlineConnect=0;fillColor=#CCCCCC;strokeColor=#6881B3;gradientColor=none;gradientDirection=north;strokeWidth=2;shape=mxgraph.networks.security_camera;" vertex="1" parent="1">
          <mxGeometry x="152.9" y="347" width="44" height="33" as="geometry" />
        </mxCell>
        <mxCell id="b94HZelUpRPoaxA_aSND-98" value="" style="rounded=0;whiteSpace=wrap;html=1;" vertex="1" parent="1">
          <mxGeometry x="220" y="359" width="103" height="30" as="geometry" />
        </mxCell>
        <mxCell id="b94HZelUpRPoaxA_aSND-99" value="" style="endArrow=classic;startArrow=classic;html=1;rounded=0;fillColor=#f8cecc;strokeColor=#b85450;" edge="1" parent="1">
          <mxGeometry width="50" height="50" relative="1" as="geometry">
            <mxPoint x="271.18" y="329.5" as="sourcePoint" />
            <mxPoint x="271.18" y="293.5" as="targetPoint" />
          </mxGeometry>
        </mxCell>
        <mxCell id="b94HZelUpRPoaxA_aSND-100" value="&lt;font style=&quot;font-size: 8px;&quot;&gt;Log&lt;/font&gt;" style="text;html=1;strokeColor=none;fillColor=none;align=center;verticalAlign=middle;whiteSpace=wrap;rounded=0;" vertex="1" parent="1">
          <mxGeometry x="263" y="297" width="60" height="30" as="geometry" />
        </mxCell>
        <mxCell id="b94HZelUpRPoaxA_aSND-101" value="&lt;font style=&quot;font-size: 8px;&quot;&gt;Monitoring&lt;/font&gt;" style="text;html=1;strokeColor=none;fillColor=none;align=center;verticalAlign=middle;whiteSpace=wrap;rounded=0;" vertex="1" parent="1">
          <mxGeometry x="141" y="380" width="60" height="30" as="geometry" />
        </mxCell>
      </root>
    </mxGraphModel>
  </diagram>
</mxfile>
