<?xml version="1.0" encoding="UTF-8"?>
<mxfile host="app.diagrams.net" modified="2023-06-02T12:59:13.142Z" agent="Mozilla/5.0 (Macintosh; Intel Mac OS X 10_15_7) AppleWebKit/537.36 (KHTML, like Gecko) Chrome/113.0.0.0 Safari/537.36" etag="uz7ViSBmiOzcE7sXtckH" version="21.2.9">
  <diagram name="Page-1" id="hAYbas8VQYhL70THEBTF">
    <mxGraphModel dx="586" dy="345" grid="0" gridSize="10" guides="1" tooltips="1" connect="1" arrows="1" fold="1" page="1" pageScale="1" pageWidth="850" pageHeight="1100" math="0" shadow="0">
      <root>
        <mxCell id="0" />
        <mxCell id="1" parent="0" />
        <mxCell id="b94HZelUpRPoaxA_aSND-3" value="" style="sketch=0;outlineConnect=0;fontColor=#232F3E;gradientColor=none;fillColor=#232F3D;strokeColor=none;dashed=0;verticalLabelPosition=bottom;verticalAlign=top;align=center;html=1;fontSize=12;fontStyle=0;aspect=fixed;pointerEvents=1;shape=mxgraph.aws4.users;" vertex="1" parent="1">
          <mxGeometry x="488.5" y="256.5" width="43" height="43" as="geometry" />
        </mxCell>
        <mxCell id="b94HZelUpRPoaxA_aSND-4" value="Users" style="text;html=1;strokeColor=none;fillColor=none;align=center;verticalAlign=middle;whiteSpace=wrap;rounded=0;" vertex="1" parent="1">
          <mxGeometry x="485" y="317" width="60" height="30" as="geometry" />
        </mxCell>
        <mxCell id="b94HZelUpRPoaxA_aSND-6" value="" style="endArrow=classic;startArrow=classic;html=1;rounded=0;" edge="1" parent="1">
          <mxGeometry width="50" height="50" relative="1" as="geometry">
            <mxPoint x="402" y="273" as="sourcePoint" />
            <mxPoint x="472" y="273" as="targetPoint" />
          </mxGeometry>
        </mxCell>
        <mxCell id="b94HZelUpRPoaxA_aSND-7" value="" style="outlineConnect=0;dashed=0;verticalLabelPosition=bottom;verticalAlign=top;align=center;html=1;shape=mxgraph.aws3.users;fillColor=#f8cecc;strokeColor=#b85450;" vertex="1" parent="1">
          <mxGeometry x="323" y="135" width="38" height="37" as="geometry" />
        </mxCell>
        <mxCell id="b94HZelUpRPoaxA_aSND-8" value="&lt;font style=&quot;font-size: 8px;&quot;&gt;Attacker&lt;/font&gt;" style="text;html=1;strokeColor=none;fillColor=none;align=center;verticalAlign=middle;whiteSpace=wrap;rounded=0;" vertex="1" parent="1">
          <mxGeometry x="312" y="162" width="60" height="30" as="geometry" />
        </mxCell>
        <mxCell id="b94HZelUpRPoaxA_aSND-40" value="" style="endArrow=classic;startArrow=classic;html=1;rounded=0;fillColor=#f8cecc;strokeColor=#b85450;" edge="1" parent="1">
          <mxGeometry width="50" height="50" relative="1" as="geometry">
            <mxPoint x="341.68" y="238.5" as="sourcePoint" />
            <mxPoint x="341.68" y="202.5" as="targetPoint" />
          </mxGeometry>
        </mxCell>
        <mxCell id="b94HZelUpRPoaxA_aSND-62" value="" style="sketch=0;outlineConnect=0;fillColor=#f8cecc;strokeColor=#b85450;dashed=0;verticalLabelPosition=bottom;verticalAlign=top;align=center;html=1;fontSize=12;fontStyle=0;aspect=fixed;pointerEvents=1;shape=mxgraph.aws4.git_repository;" vertex="1" parent="1">
          <mxGeometry x="331" y="256.5" width="30" height="39" as="geometry" />
        </mxCell>
        <mxCell id="b94HZelUpRPoaxA_aSND-63" value="" style="rounded=1;whiteSpace=wrap;html=1;" vertex="1" parent="1">
          <mxGeometry x="300" y="360" width="89" height="62" as="geometry" />
        </mxCell>
        <mxCell id="b94HZelUpRPoaxA_aSND-64" value="" style="endArrow=classic;startArrow=classic;html=1;rounded=0;fillColor=#f8cecc;strokeColor=#b85450;" edge="1" parent="1">
          <mxGeometry width="50" height="50" relative="1" as="geometry">
            <mxPoint x="341.68" y="347" as="sourcePoint" />
            <mxPoint x="341.68" y="311" as="targetPoint" />
          </mxGeometry>
        </mxCell>
        <mxCell id="b94HZelUpRPoaxA_aSND-65" value="Apps" style="sketch=0;outlineConnect=0;fontColor=#232F3E;gradientColor=none;strokeColor=#232F3E;fillColor=#ffffff;dashed=0;verticalLabelPosition=bottom;verticalAlign=top;align=center;html=1;fontSize=12;fontStyle=0;aspect=fixed;shape=mxgraph.aws4.resourceIcon;resIcon=mxgraph.aws4.apps;" vertex="1" parent="1">
          <mxGeometry x="331" y="365" width="27" height="27" as="geometry" />
        </mxCell>
        <mxCell id="b94HZelUpRPoaxA_aSND-66" value="&lt;font style=&quot;font-size: 8px;&quot;&gt;Find Secret&lt;/font&gt;" style="text;html=1;strokeColor=none;fillColor=none;align=center;verticalAlign=middle;whiteSpace=wrap;rounded=0;" vertex="1" parent="1">
          <mxGeometry x="339" y="200" width="60" height="30" as="geometry" />
        </mxCell>
        <mxCell id="b94HZelUpRPoaxA_aSND-67" value="&lt;font style=&quot;font-size: 8px;&quot;&gt;Access Privileged Branch&lt;/font&gt;" style="text;html=1;strokeColor=none;fillColor=none;align=center;verticalAlign=middle;whiteSpace=wrap;rounded=0;" vertex="1" parent="1">
          <mxGeometry x="352" y="310" width="60" height="30" as="geometry" />
        </mxCell>
        <mxCell id="b94HZelUpRPoaxA_aSND-68" value="" style="outlineConnect=0;dashed=0;verticalLabelPosition=bottom;verticalAlign=top;align=center;html=1;shape=mxgraph.aws3.certificate_manager_2;fillColor=#759C3E;gradientColor=none;" vertex="1" parent="1">
          <mxGeometry x="199" y="375" width="34" height="27.5" as="geometry" />
        </mxCell>
        <mxCell id="b94HZelUpRPoaxA_aSND-69" value="" style="endArrow=classic;startArrow=classic;html=1;rounded=0;fillColor=#f8cecc;strokeColor=#b85450;" edge="1" parent="1">
          <mxGeometry width="50" height="50" relative="1" as="geometry">
            <mxPoint x="287" y="389" as="sourcePoint" />
            <mxPoint x="244" y="389" as="targetPoint" />
          </mxGeometry>
        </mxCell>
        <mxCell id="b94HZelUpRPoaxA_aSND-70" value="&lt;font style=&quot;font-size: 8px;&quot;&gt;Certificate&lt;/font&gt;" style="text;html=1;strokeColor=none;fillColor=none;align=center;verticalAlign=middle;whiteSpace=wrap;rounded=0;" vertex="1" parent="1">
          <mxGeometry x="186" y="402.5" width="60" height="30" as="geometry" />
        </mxCell>
      </root>
    </mxGraphModel>
  </diagram>
</mxfile>
