<?xml version="1.0" encoding="UTF-8"?>
<mxfile host="app.diagrams.net" modified="2023-06-02T13:14:51.809Z" agent="Mozilla/5.0 (Macintosh; Intel Mac OS X 10_15_7) AppleWebKit/537.36 (KHTML, like Gecko) Chrome/113.0.0.0 Safari/537.36" etag="fYIrS1U55uzUx8py3X7C" version="21.2.9">
  <diagram name="Page-1" id="hAYbas8VQYhL70THEBTF">
    <mxGraphModel dx="586" dy="345" grid="0" gridSize="10" guides="1" tooltips="1" connect="1" arrows="1" fold="1" page="1" pageScale="1" pageWidth="850" pageHeight="1100" math="0" shadow="0">
      <root>
        <mxCell id="0" />
        <mxCell id="1" parent="0" />
        <mxCell id="b94HZelUpRPoaxA_aSND-3" value="" style="sketch=0;outlineConnect=0;fontColor=#232F3E;gradientColor=none;fillColor=#232F3D;strokeColor=none;dashed=0;verticalLabelPosition=bottom;verticalAlign=top;align=center;html=1;fontSize=12;fontStyle=0;aspect=fixed;pointerEvents=1;shape=mxgraph.aws4.users;" vertex="1" parent="1">
          <mxGeometry x="488.5" y="256.5" width="43" height="43" as="geometry" />
        </mxCell>
        <mxCell id="b94HZelUpRPoaxA_aSND-4" value="Users" style="text;html=1;strokeColor=none;fillColor=none;align=center;verticalAlign=middle;whiteSpace=wrap;rounded=0;" vertex="1" parent="1">
          <mxGeometry x="485" y="317" width="60" height="30" as="geometry" />
        </mxCell>
        <mxCell id="b94HZelUpRPoaxA_aSND-6" value="" style="endArrow=classic;startArrow=classic;html=1;rounded=0;" edge="1" parent="1">
          <mxGeometry width="50" height="50" relative="1" as="geometry">
            <mxPoint x="402" y="273" as="sourcePoint" />
            <mxPoint x="472" y="273" as="targetPoint" />
          </mxGeometry>
        </mxCell>
        <mxCell id="b94HZelUpRPoaxA_aSND-7" value="" style="outlineConnect=0;dashed=0;verticalLabelPosition=bottom;verticalAlign=top;align=center;html=1;shape=mxgraph.aws3.users;fillColor=#f8cecc;strokeColor=#b85450;" vertex="1" parent="1">
          <mxGeometry x="330" y="159" width="38" height="37" as="geometry" />
        </mxCell>
        <mxCell id="b94HZelUpRPoaxA_aSND-8" value="&lt;font style=&quot;font-size: 8px;&quot;&gt;Attacker&lt;/font&gt;" style="text;html=1;strokeColor=none;fillColor=none;align=center;verticalAlign=middle;whiteSpace=wrap;rounded=0;" vertex="1" parent="1">
          <mxGeometry x="319" y="186" width="60" height="30" as="geometry" />
        </mxCell>
        <mxCell id="b94HZelUpRPoaxA_aSND-40" value="" style="endArrow=classic;startArrow=classic;html=1;rounded=0;fillColor=#f8cecc;strokeColor=#b85450;" edge="1" parent="1">
          <mxGeometry width="50" height="50" relative="1" as="geometry">
            <mxPoint x="348.68" y="250" as="sourcePoint" />
            <mxPoint x="348.68" y="214" as="targetPoint" />
          </mxGeometry>
        </mxCell>
        <mxCell id="b94HZelUpRPoaxA_aSND-92" value="&lt;font style=&quot;font-size: 8px;&quot;&gt;Git&lt;br&gt;&lt;/font&gt;" style="text;html=1;strokeColor=none;fillColor=none;align=center;verticalAlign=middle;whiteSpace=wrap;rounded=0;" vertex="1" parent="1">
          <mxGeometry x="319" y="286.5" width="60" height="30" as="geometry" />
        </mxCell>
        <mxCell id="b94HZelUpRPoaxA_aSND-104" value="" style="sketch=0;outlineConnect=0;fontColor=#232F3E;gradientColor=none;fillColor=#232F3D;strokeColor=none;dashed=0;verticalLabelPosition=bottom;verticalAlign=top;align=center;html=1;fontSize=12;fontStyle=0;aspect=fixed;pointerEvents=1;shape=mxgraph.aws4.git_repository;" vertex="1" parent="1">
          <mxGeometry x="332" y="256.5" width="28" height="36.4" as="geometry" />
        </mxCell>
        <mxCell id="b94HZelUpRPoaxA_aSND-105" value="" style="sketch=0;pointerEvents=1;shadow=0;dashed=0;html=1;strokeColor=none;fillColor=#505050;labelPosition=center;verticalLabelPosition=bottom;verticalAlign=top;outlineConnect=0;align=center;shape=mxgraph.office.devices.video_camera;" vertex="1" parent="1">
          <mxGeometry x="271" y="264.7" width="40" height="20" as="geometry" />
        </mxCell>
        <mxCell id="b94HZelUpRPoaxA_aSND-106" value="&lt;font style=&quot;font-size: 8px;&quot;&gt;Monitoring&lt;br&gt;&lt;/font&gt;" style="text;html=1;strokeColor=none;fillColor=none;align=center;verticalAlign=middle;whiteSpace=wrap;rounded=0;" vertex="1" parent="1">
          <mxGeometry x="263" y="284.7" width="60" height="30" as="geometry" />
        </mxCell>
        <mxCell id="b94HZelUpRPoaxA_aSND-107" value="" style="sketch=0;outlineConnect=0;fillColor=#f8cecc;strokeColor=#b85450;dashed=0;verticalLabelPosition=bottom;verticalAlign=top;align=center;html=1;fontSize=12;fontStyle=0;aspect=fixed;pointerEvents=1;shape=mxgraph.aws4.git_repository;" vertex="1" parent="1">
          <mxGeometry x="335" y="370" width="28" height="36.4" as="geometry" />
        </mxCell>
        <mxCell id="b94HZelUpRPoaxA_aSND-108" value="" style="endArrow=classic;startArrow=classic;html=1;rounded=0;fillColor=#f8cecc;strokeColor=#b85450;" edge="1" parent="1">
          <mxGeometry width="50" height="50" relative="1" as="geometry">
            <mxPoint x="348.68" y="364" as="sourcePoint" />
            <mxPoint x="348.68" y="328" as="targetPoint" />
          </mxGeometry>
        </mxCell>
        <mxCell id="b94HZelUpRPoaxA_aSND-109" value="&lt;font style=&quot;font-size: 8px;&quot;&gt;Unprotected Branch&lt;br&gt;&lt;/font&gt;" style="text;html=1;strokeColor=none;fillColor=none;align=center;verticalAlign=middle;whiteSpace=wrap;rounded=0;" vertex="1" parent="1">
          <mxGeometry x="323" y="409" width="60" height="30" as="geometry" />
        </mxCell>
      </root>
    </mxGraphModel>
  </diagram>
</mxfile>
